Model,Test Accuracy,Test Loss
Original CNN,0.7200000286102295,0.522735059261322
Improved CNN,0.8266666531562805,0.37124520540237427
