Model,Twitter Accuracy,Twitter Loss
Original CNN,0.5577999949455261,0.6804608702659607
Improved CNN,0.5629000067710876,0.8094518780708313
